file,bucket,rule,retail_source_tre
appearance/lod/arc170_body.lod,KEEP,ship-asset,patch_sku1_15_00.tre
appearance/lod/grievous_starship_body.lod,KEEP,ship-asset,patch_sku1_15_00.tre
appearance/lod/jedifighter_body.lod,KEEP,ship-asset,patch_sku1_15_00.tre
appearance/lod/tie_advanced.lod,KEEP,ship-asset,patch_sku1_15_00.tre
appearance/lod/tie_bomber_b.lod,KEEP,ship-asset,data_sku1_00.tre
appearance/lod/tie_fighter.lod,KEEP,ship-asset,data_sku1_00.tre
appearance/lod/tie_fighter_in.lod,KEEP,ship-asset,data_sku1_00.tre
appearance/lod/tie_fighter_modified.lod,KEEP,ship-asset,patch_sku1_15_00.tre
appearance/lod/tie_interceptor.lod,KEEP,ship-asset,data_sku1_00.tre
appearance/lod/tie_interceptor_imperial_guard.lod,KEEP,ship-asset,patch_sku1_15_00.tre
appearance/lod/tie_oppressor.lod,KEEP,ship-asset,data_sku1_00.tre
appearance/lod/xwing_body.lod,KEEP,ship-asset,patch_sku1_15_00.tre
appearance/lod/ywing_body.lod,KEEP,ship-asset,patch_sku1_15_00.tre
appearance/lod/z95_body.lod,KEEP,ship-asset,patch_sku1_15_00.tre
appearance/mesh/mun_tato_starport_s01_u01_r10_ticket3_mesh_r10.msh,PARK,starport-mesh,data_static_mesh_00.tre
appearance/mesh/mun_tato_starport_s01_u01_r11_ticket4_mesh_r11.msh,PARK,starport-mesh,data_static_mesh_00.tre
appearance/mesh/mun_tato_starport_s01_u01_r12_departures1_mesh_r12.msh,PARK,starport-mesh,data_static_mesh_00.tre
appearance/mesh/mun_tato_starport_s01_u01_r13_arrivals2_mesh_r13.msh,PARK,starport-mesh,data_static_mesh_00.tre
appearance/mesh/mun_tato_starport_s01_u01_r14_departures2_mesh_r14.msh,PARK,starport-mesh,data_static_mesh_00.tre
appearance/mesh/mun_tato_starport_s01_u01_r15_departures4_mesh_r15.msh,PARK,starport-mesh,data_static_mesh_00.tre
appearance/mesh/mun_tato_starport_s01_u01_r16_arrivals3_mesh_r16.msh,PARK,starport-mesh,data_static_mesh_00.tre
appearance/mesh/mun_tato_starport_s01_u01_r1_foyer1_mesh_r1.msh,PARK,starport-mesh,data_static_mesh_00.tre
appearance/mesh/mun_tato_starport_s01_u01_r2_foyer2_mesh_r2.msh,PARK,starport-mesh,data_static_mesh_00.tre
appearance/mesh/mun_tato_starport_s01_u01_r3_foyer3_mesh_r3.msh,PARK,starport-mesh,data_static_mesh_00.tre
appearance/mesh/mun_tato_starport_s01_u01_r4_foyer4_mesh_r4.msh,PARK,starport-mesh,data_static_mesh_00.tre
appearance/mesh/mun_tato_starport_s01_u01_r5_foyer5_mesh_r5.msh,PARK,starport-mesh,data_static_mesh_00.tre
appearance/mesh/mun_tato_starport_s01_u01_r6_foyer6_mesh_r6.msh,PARK,starport-mesh,data_static_mesh_00.tre
appearance/mesh/mun_tato_starport_s01_u01_r7_arrivals1_mesh_r7.msh,PARK,starport-mesh,data_static_mesh_00.tre
appearance/mesh/mun_tato_starport_s01_u01_r8_ticket1_mesh_r8.msh,PARK,starport-mesh,data_static_mesh_00.tre
appearance/mesh/mun_tato_starport_s01_u01_r9_ticket2_mesh_r9.msh,PARK,starport-mesh,data_static_mesh_00.tre
appearance/mesh/tie_advanced_cockpit_l0.msh,KEEP,ship-asset,data_sku1_00.tre
appearance/mesh/tie_aggressor_cockpit_l0.msh,KEEP,ship-asset,data_sku1_00.tre
appearance/mesh/tie_bomber_cockpit_l0.msh,KEEP,ship-asset,data_sku1_00.tre
appearance/mesh/tie_fighter_cockpit_l0.msh,KEEP,ship-asset,data_sku1_00.tre
appearance/mesh/tie_interceptor_cockpit_l0.msh,KEEP,ship-asset,data_sku1_00.tre
appearance/mesh/xwing_cockpit_l0.msh,KEEP,ship-asset,data_sku1_00.tre
appearance/mesh/ywing_cockpit_l0.msh,KEEP,ship-asset,data_sku1_00.tre
appearance/planet_dantooine.pln,PARK,sky-planet-visual,patch_15_00.tre
appearance/planet_naboo_moon.pln,PARK,sky-planet-visual,patch_15_00.tre
appearance/planet_yavin.pln,PARK,sky-planet-visual,patch_15_00.tre
appearance/planet_yavin4.pln,PARK,sky-planet-visual,patch_15_00.tre
appearance/pt_bolt_flash_cannon_flash.prt,KEEP,space-combat-fx,patch_sku1_12_00.tre
appearance/pt_bolt_proton_carbine.prt,KEEP,space-combat-fx,patch_06.tre
appearance/pt_bolt_proton_rifle.prt,KEEP,space-combat-fx,patch_06.tre
appearance/pt_burning_smoking_thruster_2.prt,KEEP,space-combat-fx,patch_05.tre
appearance/pt_burning_smoking_thruster_3.prt,KEEP,space-combat-fx,patch_05.tre
appearance/pt_burning_thruster.prt,KEEP,space-combat-fx,patch_05.tre
appearance/pt_burning_thruster_2.prt,KEEP,space-combat-fx,patch_05.tre
appearance/pt_burning_thruster_3.prt,KEEP,space-combat-fx,patch_05.tre
appearance/pt_burning_thruster_sm.prt,KEEP,space-combat-fx,patch_05.tre
appearance/pt_contrail_02.prt,KEEP,space-combat-fx,patch_11_00.tre
appearance/pt_contrail_03.prt,KEEP,space-combat-fx,patch_11_00.tre
appearance/pt_drain_force.ltn,PARK,force-jedi-fx,patch_09.tre
appearance/pt_explosion_bomber_death_lg.prt,KEEP,space-combat-fx,patch_sku1_12_00.tre
appearance/pt_explosion_capship_hull_level04a.prt,KEEP,space-named,patch_sku1_12_00.tre
appearance/pt_explosion_capship_level03_03a.prt,KEEP,space-named,patch_sku1_12_00.tre
appearance/pt_explosion_ship_armor.prt,KEEP,space-named,patch_sku1_12_00.tre
appearance/pt_explosion_ship_armor_event_hvy.prt,KEEP,space-named,patch_sku1_12_00.tre
appearance/pt_explosion_ship_armor_event_lt.prt,KEEP,space-named,patch_sku1_12_00.tre
appearance/pt_explosion_ship_armor_event_md.prt,KEEP,space-named,patch_sku1_12_00.tre
appearance/pt_explosion_ship_armor_hvy.prt,KEEP,space-named,patch_sku1_12_00.tre
appearance/pt_explosion_ship_armor_lt.prt,KEEP,space-named,patch_sku1_12_00.tre
appearance/pt_explosion_ship_armor_md.prt,KEEP,space-named,patch_sku1_12_00.tre
appearance/pt_explosion_space_md.prt,KEEP,space-named,patch_sku1_12_00.tre
appearance/pt_explosion_starfighter_death_md.prt,KEEP,space-combat-fx,patch_sku1_12_00.tre
appearance/pt_explosion_starfighter_death_md_2.prt,KEEP,space-combat-fx,patch_sku1_12_00.tre
appearance/pt_explosion_starfighter_death_sm.prt,KEEP,space-combat-fx,patch_sku1_12_00.tre
appearance/pt_force_knockdown.ltn,PARK,force-jedi-fx,patch_03.tre
appearance/pt_hit_advanced_laser_cannon_laser.prt,KEEP,space-combat-fx,data_sku1_00.tre
appearance/pt_hit_flash_cannon_elite_flash.prt,KEEP,space-combat-fx,patch_sku1_12_00.tre
appearance/pt_hit_flash_cannon_flash.prt,KEEP,space-combat-fx,data_sku1_00.tre
appearance/pt_hit_gauss.prt,KEEP,space-combat-fx,patch_sku1_15_00.tre
appearance/pt_hit_ion_cannon_acid.prt,KEEP,space-combat-fx,patch_sku1_12_00.tre
appearance/pt_hit_ion_cannon_ion.prt,KEEP,space-combat-fx,patch_sku1_12_00.tre
appearance/pt_hit_ion_cannon_proton.prt,KEEP,space-combat-fx,patch_sku1_12_00.tre
appearance/pt_hit_laser_cannon_laser.prt,KEEP,space-combat-fx,patch_sku1_12_00.tre
appearance/pt_hit_lightning.prt,KEEP,space-combat-fx,patch_sku1_15_00.tre
appearance/pt_hit_lightning_cannon_lightning.prt,KEEP,space-combat-fx,patch_sku1_12_00.tre
appearance/pt_hit_mirv.prt,KEEP,space-combat-fx,patch_sku1_15_00.tre
appearance/pt_hit_null.prt,KEEP,space-combat-fx,patch_sku1_15_00.tre
appearance/pt_hit_photon.prt,KEEP,space-combat-fx,patch_sku1_15_00.tre
appearance/pt_hit_plasma.prt,KEEP,space-combat-fx,patch_sku1_15_00.tre
appearance/pt_hit_railgun.prt,KEEP,space-combat-fx,patch_sku1_15_00.tre
appearance/pt_hit_slug_thrower_slug.prt,KEEP,space-combat-fx,patch_sku1_12_00.tre
appearance/pt_ship_trailing_damage_1.prt,KEEP,space-named,patch_sku1_12_00.tre
appearance/pt_ship_trailing_damage_4.prt,KEEP,space-named,patch_sku1_12_00.tre
appearance/pt_smoking_thruster_heavy.prt,KEEP,space-combat-fx,patch_05.tre
appearance/pt_smoking_thruster_light.prt,KEEP,space-combat-fx,patch_05.tre
appearance/pt_swoosh_contrails.prt,KEEP,space-combat-fx,data_sku1_00.tre
appearance/pt_trailing_explosion_capship_level01_01_firetrail.prt,KEEP,space-named,patch_sku1_12_00.tre
appearance/pt_trailing_explosion_capship_level05_01_firetrail.prt,KEEP,space-named,patch_sku1_12_00.tre
appearance/pt_trailing_ship_debris02.prt,KEEP,space-named,patch_sku1_12_00.tre
appearance/pt_trailing_space_explosion_md.prt,KEEP,space-named,patch_07.tre
appearance/pt_trailing_space_explosion_md02.prt,KEEP,space-named,data_sku1_00.tre
appearance/pt_trailing_space_explosion_md04.prt,KEEP,space-named,data_sku1_07.tre
appearance/sw_light_saber_white.swh,PARK,force-jedi-fx,patch_05.tre
clientdata/ship/client_shared_blacksun_heavy_s01.cdf,KEEP,ship-clientdata,patch_11_03.tre
clientdata/ship/client_shared_blacksun_heavy_s02.cdf,KEEP,ship-clientdata,patch_11_03.tre
clientdata/ship/client_shared_blacksun_heavy_s03.cdf,KEEP,ship-clientdata,patch_11_03.tre
clientdata/ship/client_shared_blacksun_heavy_s04.cdf,KEEP,ship-clientdata,patch_11_03.tre
clientdata/ship/client_shared_blacksun_light_s01.cdf,KEEP,ship-clientdata,patch_11_03.tre
clientdata/ship/client_shared_blacksun_light_s02.cdf,KEEP,ship-clientdata,patch_11_03.tre
clientdata/ship/client_shared_blacksun_light_s03.cdf,KEEP,ship-clientdata,patch_11_03.tre
clientdata/ship/client_shared_blacksun_light_s04.cdf,KEEP,ship-clientdata,patch_11_03.tre
clientdata/ship/client_shared_blacksun_medium_s03.cdf,KEEP,ship-clientdata,patch_15_00.tre
clientdata/ship/client_shared_blacksun_medium_s04.cdf,KEEP,ship-clientdata,patch_15_00.tre
clientdata/ship/client_shared_blacksun_vaksai.cdf,KEEP,ship-clientdata,patch_17_00.tre
clientdata/ship/component/eng_arc170_s01.cdf,KEEP,ship-clientdata,patch_15_00.tre
clientdata/ship/component/eng_arc170_s02.cdf,KEEP,ship-clientdata,patch_15_00.tre
clientdata/ship/component/eng_tie_advanced.cdf,KEEP,ship-clientdata,patch_12_00.tre
clientdata/ship/component/eng_tieadvanced_s01.cdf,KEEP,ship-clientdata,patch_12_00.tre
clientdata/ship/component/eng_tiebomber_s01.cdf,KEEP,ship-clientdata,patch_12_00.tre
clientdata/ship/component/eng_tiefighter_s01.cdf,KEEP,ship-clientdata,patch_12_00.tre
clientdata/ship/component/eng_tieinterceptor_s01.cdf,KEEP,ship-clientdata,patch_12_00.tre
clientdata/ship/component/eng_tieoppressor_s01.cdf,KEEP,ship-clientdata,patch_12_00.tre
clientdata/ship/component/eng_xwing_pos_s03.cdf,KEEP,ship-clientdata,patch_15_00.tre
clientdata/ship/component/wing_blacksun_heavy_s01.cdf,KEEP,ship-clientdata,patch_11_00.tre
clientdata/ship/component/wing_blacksun_heavy_s02.cdf,KEEP,ship-clientdata,patch_11_00.tre
clientdata/ship/component/wing_blacksun_light_s01.cdf,KEEP,ship-clientdata,patch_11_00.tre
clientdata/ship/component/wing_blacksun_medium_s01.cdf,KEEP,ship-clientdata,patch_11_03.tre
clientdata/ship/component/wing_blacksun_medium_s02.cdf,KEEP,ship-clientdata,patch_11_03.tre
clientdata/ship/component/wing_bwing.cdf,KEEP,ship-clientdata,patch_11_02.tre
clientdata/ship/component/wing_hutt_heavy_s01.cdf,KEEP,ship-clientdata,patch_11_00.tre
clientdata/ship/component/wing_hutt_heavy_s02.cdf,KEEP,ship-clientdata,patch_11_00.tre
clientdata/ship/component/wing_hutt_light_s01.cdf,KEEP,ship-clientdata,patch_11_00.tre
clientdata/ship/component/wing_hutt_light_s02.cdf,KEEP,ship-clientdata,patch_11_00.tre
clientdata/ship/component/wing_hutt_medium_s01.cdf,KEEP,ship-clientdata,patch_11_00.tre
clientdata/ship/component/wing_hutt_medium_s02.cdf,KEEP,ship-clientdata,patch_11_00.tre
clientdata/ship/component/wing_xwing_neg_s01.cdf,KEEP,ship-clientdata,patch_11_00.tre
clientdata/ship/component/wing_xwing_pos_s01.cdf,KEEP,ship-clientdata,patch_11_00.tre
clientdata/ship/component/wpn_star_destroyer_mini_turret_base.cdf,KEEP,ship-clientdata,patch_11_00.tre
clientdata/ship/component/wpn_star_destroyer_turret_dome.cdf,KEEP,ship-clientdata,patch_11_00.tre
clientdata/ship/component/wpn_star_destroyer_turret_med.cdf,KEEP,ship-clientdata,patch_11_00.tre
clientdata/ship/component/wpn_star_destroyer_turret_square.cdf,KEEP,ship-clientdata,patch_11_00.tre
clienteffect/cbt_bolt_hit_asteroid_other.cef,KEEP,ship-asset,data_sku1_00.tre
clienteffect/cbt_bolt_hit_metal.cef,KEEP,space-combat-cef,data_sku1_00.tre
clienteffect/cbt_explode_yt1300.cef,KEEP,ship-asset,patch_sku1_12_00.tre
clienteffect/cbt_explode_yt2400.cef,KEEP,ship-asset,patch_sku1_12_00.tre
clienteffect/cbt_friendlyfire_warn.cef,KEEP,space-combat-cef,data_sku1_06.tre
clienteffect/cbt_gun_flash_cannon_flash.cef,KEEP,space-combat-cef,patch_sku1_12_00.tre
clienteffect/cbt_hit_ship_chassis_med.cef,KEEP,space-combat-cef,patch_sku1_12_00.tre
clienteffect/cbt_ship_capital_destruction_break_explosion_01.cef,KEEP,space-combat-cef,data_sku1_00.tre
clienteffect/cbt_ship_capital_destruction_split_00_01.cef,KEEP,space-combat-cef,data_sku1_00.tre
clienteffect/cbt_ship_capital_destruction_split_00_02.cef,KEEP,space-combat-cef,data_sku1_00.tre
clienteffect/cbt_ship_capital_destruction_split_00_03.cef,KEEP,space-combat-cef,data_sku1_00.tre
clienteffect/cbt_ship_capital_destruction_split_00_04.cef,KEEP,space-combat-cef,data_sku1_00.tre
clienteffect/cbt_ship_capital_destruction_split_00_05.cef,KEEP,space-combat-cef,data_sku1_00.tre
clienteffect/cbt_ship_capital_destruction_split_00_06.cef,KEEP,space-combat-cef,data_sku1_00.tre
clienteffect/cbt_ship_capital_destruction_split_01_01.cef,KEEP,space-combat-cef,data_sku1_00.tre
clienteffect/cbt_ship_capital_destruction_split_02_01.cef,KEEP,space-combat-cef,data_sku1_00.tre
clienteffect/space_collision.cef,KEEP,space-named,data_sku1_06.tre
clienteffect/ui_missile_aquiring.cef,KEEP,space-combat-cef,patch_11_00.tre
datatables/interior/interior.iff,PARK,interior-datatable,patch_16_00.tre
datatables/space/nebula/space_corellia_2.iff,KEEP,space-datatable,patch_11_03.tre
datatables/space/ship_chassis_player_arc170.iff,KEEP,space-datatable,patch_17_00.tre
datatables/space/ship_chassis_player_blacksun_heavy_s01.iff,KEEP,space-datatable,patch_17_00.tre
datatables/space/ship_chassis_player_blacksun_heavy_s02.iff,KEEP,space-datatable,patch_17_00.tre
datatables/space/ship_chassis_player_blacksun_heavy_s03.iff,KEEP,space-datatable,patch_17_00.tre
datatables/space/ship_chassis_player_blacksun_heavy_s04.iff,KEEP,space-datatable,patch_17_00.tre
datatables/space/ship_chassis_player_firespray.iff,KEEP,space-datatable,patch_17_00.tre
datatables/space/ship_chassis_player_hutt_heavy_s01.iff,KEEP,space-datatable,patch_17_00.tre
datatables/space/ship_chassis_player_hutt_heavy_s02.iff,KEEP,space-datatable,patch_17_00.tre
effect/e_particle_emisadd.eft,PARK,shared-base-effect,patch_09.tre
palette/imperial_officer.pal,PARK,palette,patch_11_00.tre
palette/rebel_faction_armor.pal,PARK,palette,patch_15_01.tre
palette/stormtrooper_stripes.pal,PARK,palette,patch_08.tre
palette/wr_earthtones.pal,PARK,palette,data_other_00.tre
palette/wr_leather.pal,PARK,palette,data_other_00.tre
palette/wr_metal.pal,PARK,palette,patch_05.tre
pixel_program/h_color2w_specmap_cbmp_ps20.psh,PARK,pixel-program,patch_11_00.tre
pixel_program/h_color2w_specmap_ps20.psh,PARK,pixel-program,patch_12_00.tre
pixel_program/h_color2w_specmap_ps20_nodot3.psh,PARK,pixel-program,patch_10.tre
pixel_program/include/functions.inc,PARK,pixel-program,patch_11_00.tre
pixel_program/include/pixel_shader_constants.inc,PARK,pixel-program,patch_11_00.tre
shader/defaultappearance.sht,PARK,default-shader,data_other_00.tre
shader/defaultshader.sht,PARK,default-shader,data_other_00.tre
shader/hyperspace_beacon_window.sht,KEEP,space-named,data_sku1_02.tre
shader/intr_tech_floor_c_cs8.sht,PARK,interior-shader,data_other_00.tre
shader/intr_tech_floora_cd8.sht,PARK,interior-shader,data_other_00.tre
shader/intr_tech_floorb_ad8.sht,PARK,interior-shader,data_other_00.tre
shader/intr_tech_floorb_cd8.sht,PARK,interior-shader,data_other_00.tre
shader/neutral_hangarwall_destroyed_ascd21.sht,PARK,interior-shader,data_sku1_02.tre
shader/pln_yavin_clouds.sht,PARK,sky-planet-visual,data_sku1_02.tre
shader/pt_add_smoke.sht,JUDGE,shared-particle-fx,patch_03.tre
shader/pt_blast_lines.sht,KEEP,space-blast-shader,data_sku1_02.tre
shader/pt_blast_ring_fill.sht,KEEP,space-blast-shader,patch_09.tre
shader/pt_lightening.sht,KEEP,space-blast-shader,data_other_00.tre
shader/pt_lightening_2.sht,KEEP,space-blast-shader,data_other_00.tre
shader/pt_nebulae_fire.sht,KEEP,space-named,data_sku1_02.tre
shader/rbl_windows_destroyed_as8.sht,PARK,interior-shader,data_sku1_02.tre
shader/smuggler_warlord_ship_window.sht,KEEP,space-named,data_sku1_02.tre
terrain/dantooine.trn,PARK,terrain-def,patch_04.tre
terrain/dantooine_colorramp_grassplains.tga,PARK,terrain-def,data_other_00.tre
terrain/dantooine_colorramp_grassplains_height.tga,PARK,terrain-def,data_other_00.tre
terrain/dantooine_colorramp_lg_stepes.tga,PARK,terrain-def,data_other_00.tre
terrain/dantooine_colorramp_mountains.tga,PARK,terrain-def,data_other_00.tre
terrain/lok.trn,PARK,terrain-def,patch_03.tre
terrain/yavin4.trn,PARK,terrain-def,patch_09.tre
texture/am_head_r2_s01.dds,PARK,character-texture,data_texture_00.tre
texture/am_head_r2_s01_sm.dds,PARK,character-texture,data_texture_00.tre
texture/am_head_r2_s01_spec.dds,PARK,character-texture,data_texture_00.tre
texture/arc170_a_s.dds,KEEP,ship-asset,patch_sku1_15_00.tre
texture/arc170_cockpit_1_emis.dds,KEEP,ship-asset,patch_sku1_15_00.tre
texture/arc170_cockpit_2_emis.dds,KEEP,ship-asset,patch_sku1_15_00.tre
texture/asteroid_tan.dds,KEEP,ship-asset,data_sku1_02.tre
texture/asteroid_tan_spec.dds,KEEP,ship-asset,data_sku1_02.tre
texture/awing_body_s01_cn.dds,KEEP,ship-asset,patch_sku1_15_00.tre
texture/blacksun_heavy_attachment_s01_pattern01_a.dds,KEEP,ship-asset,patch_sku1_15_00.tre
texture/blacksun_light_wing_s02_s.dds,KEEP,ship-asset,data_sku1_02.tre
texture/blacksun_light_wing_s03_pattern05_a.dds,KEEP,ship-asset,patch_sku1_15_00.tre
texture/bth_b_teeth.dds,PARK,character-texture,data_texture_00.tre
texture/bwing_body_spec.dds,KEEP,ship-asset,data_sku1_02.tre
texture/cave_rock_damp_dark_roof.dds,PARK,terrain-texture,patch_sku2_15_00.tre
texture/cave_rock_damp_dark_wall.dds,PARK,terrain-texture,patch_sku2_15_00.tre
texture/cave_rock_damp_dark_wall_blend.dds,PARK,terrain-texture,patch_sku2_15_00.tre
texture/cave_rock_damp_fade_wall.dds,PARK,terrain-texture,patch_07.tre
texture/cave_rock_damp_fade_wall_blend.dds,PARK,terrain-texture,patch_07.tre
texture/cave_rock_damp_floor.dds,PARK,terrain-texture,patch_sku2_15_00.tre
texture/cave_rock_damp_roof.dds,PARK,terrain-texture,patch_sku2_15_00.tre
texture/cave_rock_damp_wall.dds,PARK,terrain-texture,patch_sku2_15_00.tre
texture/cave_rock_damp_wall_blend.dds,PARK,terrain-texture,patch_sku2_15_00.tre
texture/corellia_concrete_a.dds,PARK,terrain-texture,data_texture_01.tre
texture/corellia_concrete_a_n.dds,PARK,terrain-texture,data_texture_01.tre
texture/corellia_concrete_a_unlined.dds,PARK,terrain-texture,data_texture_01.tre
texture/corellia_concrete_b.dds,PARK,terrain-texture,data_texture_01.tre
texture/corellia_concrete_b_n.dds,PARK,terrain-texture,data_texture_01.tre
texture/corellia_concrete_bump_n.dds,PARK,terrain-texture,data_texture_01.tre
texture/corellia_concrete_d.dds,PARK,terrain-texture,data_texture_01.tre
texture/corellia_concrete_detail_a.dds,PARK,terrain-texture,data_texture_01.tre
texture/corellia_marble_c_deta.dds,PARK,terrain-texture,data_texture_01.tre
texture/corellia_marble_c_detb.dds,PARK,terrain-texture,data_texture_01.tre
texture/corellia_marble_c_unlined_fallback.dds,PARK,terrain-texture,data_texture_01.tre
texture/corellia_marble_d_deta.dds,PARK,terrain-texture,data_texture_01.tre
texture/corellia_marble_d_detb.dds,PARK,terrain-texture,data_texture_01.tre
texture/corellia_marble_deta.dds,PARK,terrain-texture,data_texture_01.tre
texture/corellia_marble_detb.dds,PARK,terrain-texture,data_texture_01.tre
texture/corellian_corvette_engine_on.dds,KEEP,ship-asset,data_sku1_02.tre
texture/corl_fountain_water.dds,PARK,terrain-texture,data_texture_01.tre
texture/dant_mud_detail.dds,PARK,terrain-texture,data_texture_01.tre
texture/dant_mud_detail_b.dds,PARK,terrain-texture,data_texture_01.tre
texture/dant_mudhut_mud_s01.dds,PARK,terrain-texture,data_texture_01.tre
texture/dant_mudhut_mud_s01_n.dds,PARK,terrain-texture,data_texture_01.tre
texture/dant_mudhut_rock_s01.dds,PARK,terrain-texture,data_texture_01.tre
texture/dant_mudhut_rock_s01_lod.dds,PARK,terrain-texture,data_texture_01.tre
texture/dant_mudhut_rock_s01_n.dds,PARK,terrain-texture,data_texture_01.tre
texture/dath_grass.dds,PARK,terrain-texture,data_texture_01.tre
texture/dirt_bigcracks.dds,PARK,terrain-texture,data_texture_01.tre
texture/dirt_bigcracks_a1.dds,PARK,terrain-texture,data_texture_01.tre
texture/dirt_bigcracks_a2.dds,PARK,terrain-texture,data_texture_01.tre
texture/dirt_bigcracks_bluegray.dds,PARK,terrain-texture,data_texture_01.tre
texture/dirt_bigcracks_bluegray_a1.dds,PARK,terrain-texture,data_texture_01.tre
texture/dirt_bigcracks_bluegray_a2.dds,PARK,terrain-texture,data_texture_01.tre
texture/dirt_coolmud.dds,PARK,terrain-texture,data_texture_01.tre
texture/dirt_coolmud_a1.dds,PARK,terrain-texture,data_texture_01.tre
texture/dirt_coolmud_a2.dds,PARK,terrain-texture,data_texture_01.tre
texture/dirt_coolmud_a3.dds,PARK,terrain-texture,data_texture_01.tre
texture/dirt_cracked.dds,PARK,terrain-texture,data_texture_01.tre
texture/dirt_cracked_a1.dds,PARK,terrain-texture,data_texture_01.tre
texture/dirt_cracked_a2.dds,PARK,terrain-texture,data_texture_01.tre
texture/dirt_cracks_sm.dds,PARK,terrain-texture,data_texture_01.tre
texture/dirt_cracks_sm_a1.dds,PARK,terrain-texture,data_texture_01.tre
texture/dirt_cracks_sm_a2.dds,PARK,terrain-texture,data_texture_01.tre
texture/dirt_darkbigcracks.dds,PARK,terrain-texture,data_texture_01.tre
texture/dirt_darkbigcracks_a1.dds,PARK,terrain-texture,data_texture_01.tre
texture/dirt_darkbigcracks_a2.dds,PARK,terrain-texture,data_texture_01.tre
texture/dirt_darkcracked.dds,PARK,terrain-texture,data_texture_01.tre
texture/dirt_darkcracked_a1.dds,PARK,terrain-texture,data_texture_01.tre
texture/dirt_darkcracked_a2.dds,PARK,terrain-texture,data_texture_01.tre
texture/dirt_darkcracked_a3.dds,PARK,terrain-texture,data_texture_01.tre
texture/dirt_darksmooth.dds,PARK,terrain-texture,data_texture_01.tre
texture/dirt_darksmooth_a1.dds,PARK,terrain-texture,data_texture_01.tre
texture/dirt_dath_desertcanyonfloor.dds,PARK,terrain-texture,data_texture_01.tre
texture/dirt_dath_desertcanyonfloor_a1.dds,PARK,terrain-texture,data_texture_01.tre
texture/dirt_dath_desertcanyonfloor_a2.dds,PARK,terrain-texture,data_texture_01.tre
texture/dirt_dath_desertcanyonfloor_a3.dds,PARK,terrain-texture,data_texture_01.tre
texture/dirt_dath_path.dds,PARK,terrain-texture,data_texture_01.tre
texture/dirt_dath_redhilltran.dds,PARK,terrain-texture,data_texture_01.tre
texture/dirt_dath_redhilltran_a1.dds,PARK,terrain-texture,data_texture_01.tre
texture/dirt_dath_redhilltran_a2.dds,PARK,terrain-texture,data_texture_01.tre
texture/dirt_detailbaregrey.dds,PARK,terrain-texture,data_texture_01.tre
texture/dirt_detailcrackedsand.dds,PARK,terrain-texture,data_texture_01.tre
texture/dirt_endr_sandylakebottom.dds,PARK,terrain-texture,data_texture_01.tre
texture/dirt_endr_sandylakebottom_n.dds,PARK,terrain-texture,data_texture_01.tre
texture/dirt_endr_shoreline.dds,PARK,terrain-texture,data_texture_01.tre
texture/dirt_endr_shoreline_a1.dds,PARK,terrain-texture,data_texture_01.tre
texture/dirt_endr_shoreline_a1_n.dds,PARK,terrain-texture,data_texture_01.tre
texture/dirt_endr_shoreline_n.dds,PARK,terrain-texture,data_texture_01.tre
texture/dirt_everdirt.dds,PARK,terrain-texture,data_texture_01.tre
texture/dirt_everdirt_a1.dds,PARK,terrain-texture,data_texture_01.tre
texture/dirt_everdirt_a2.dds,PARK,terrain-texture,data_texture_01.tre
texture/dirt_everdirt_n.dds,PARK,terrain-texture,data_texture_01.tre
texture/dirt_farmrowshorz.dds,PARK,terrain-texture,data_texture_01.tre
texture/dirt_farmrowshorz_a1.dds,PARK,terrain-texture,data_texture_01.tre
texture/dirt_finedarkjungdirt.dds,PARK,terrain-texture,data_texture_01.tre
texture/dirt_finedarkjungdirt_a1.dds,PARK,terrain-texture,data_texture_01.tre
texture/dirt_finedarkjungdirt_a1_n.dds,PARK,terrain-texture,data_texture_01.tre
texture/dirt_finedarkjungdirt_a2.dds,PARK,terrain-texture,data_texture_01.tre
texture/dirt_finedarkjungdirt_a2_n.dds,PARK,terrain-texture,data_texture_01.tre
texture/dirt_finedarkjungdirt_n.dds,PARK,terrain-texture,data_texture_01.tre
texture/dirt_grasslands.dds,PARK,terrain-texture,data_texture_01.tre
texture/dirt_grasslands_a1.dds,PARK,terrain-texture,data_texture_01.tre
texture/dirt_grasslands_a2.dds,PARK,terrain-texture,data_texture_01.tre
texture/dirt_grasslands_a3.dds,PARK,terrain-texture,data_texture_01.tre
texture/dirt_grasslands_a4.dds,PARK,terrain-texture,data_texture_01.tre
texture/dirt_lok_smallrock.dds,PARK,terrain-texture,data_texture_01.tre
texture/dirt_lok_smallrock_a1.dds,PARK,terrain-texture,data_texture_01.tre
texture/dirt_lok_smallrock_a2.dds,PARK,terrain-texture,data_texture_01.tre
texture/dirt_mediumdark.dds,PARK,terrain-texture,data_texture_01.tre
texture/dirt_mediumdark_a1.dds,PARK,terrain-texture,data_texture_01.tre
texture/dirt_mediumdark_a1_n.dds,PARK,terrain-texture,data_texture_01.tre
texture/dirt_mediumdark_a2.dds,PARK,terrain-texture,data_texture_01.tre
texture/dirt_mediumdark_a2_n.dds,PARK,terrain-texture,data_texture_01.tre
texture/dirt_mediumdark_a3.dds,PARK,terrain-texture,data_texture_01.tre
texture/dirt_mediumdark_a3_n.dds,PARK,terrain-texture,data_texture_01.tre
texture/dirt_mediumdark_n.dds,PARK,terrain-texture,data_texture_01.tre
texture/dirt_mossydirt.dds,PARK,terrain-texture,data_texture_01.tre
texture/dirt_mossydirt_a1.dds,PARK,terrain-texture,data_texture_01.tre
texture/dirt_mossydirt_a1_n.dds,PARK,terrain-texture,data_texture_01.tre
texture/dirt_mossydirt_a2.dds,PARK,terrain-texture,data_texture_01.tre
texture/dirt_mossydirt_a2_n.dds,PARK,terrain-texture,data_texture_01.tre
texture/dirt_mossydirt_n.dds,PARK,terrain-texture,data_texture_01.tre
texture/dirt_mossydirtblue.dds,PARK,terrain-texture,data_texture_01.tre
texture/dirt_mossydirtblue_a1.dds,PARK,terrain-texture,data_texture_01.tre
texture/dirt_mossydirtblue_a2.dds,PARK,terrain-texture,data_texture_01.tre
texture/dirt_mtns_cracked.dds,PARK,terrain-texture,data_texture_01.tre
texture/dirt_mtns_mud.dds,PARK,terrain-texture,data_texture_01.tre
texture/dirt_mtns_mud_rocky.dds,PARK,terrain-texture,data_texture_01.tre
texture/dirt_mudcrack.dds,PARK,terrain-texture,data_texture_01.tre
texture/dirt_mudcrack_a1.dds,PARK,terrain-texture,data_texture_01.tre
texture/dirt_mudcrack_a1_n.dds,PARK,terrain-texture,data_texture_01.tre
texture/dirt_mudcrack_n.dds,PARK,terrain-texture,data_texture_01.tre
texture/dirt_muddamp.dds,PARK,terrain-texture,data_texture_01.tre
texture/dirt_muddamp_a1.dds,PARK,terrain-texture,data_texture_01.tre
texture/dirt_muddampcracks.dds,PARK,terrain-texture,data_texture_01.tre
texture/dirt_muddampcracks_a1.dds,PARK,terrain-texture,data_texture_01.tre
texture/dirt_muddampcracks_a2.dds,PARK,terrain-texture,data_texture_01.tre
texture/dirt_muddampdark.dds,PARK,terrain-texture,data_texture_01.tre
texture/dirt_muddampdark_a1.dds,PARK,terrain-texture,data_texture_01.tre
texture/dirt_muddampdark_a1_n.dds,PARK,terrain-texture,data_texture_01.tre
texture/dirt_muddampdark_n.dds,PARK,terrain-texture,data_texture_01.tre
texture/dirt_redsandy.dds,PARK,terrain-texture,data_texture_01.tre
texture/dirt_redsandy_a1.dds,PARK,terrain-texture,data_texture_01.tre
texture/dirt_redsandy_n.dds,PARK,terrain-texture,data_texture_01.tre
texture/dirt_riverbottom.dds,PARK,terrain-texture,data_texture_01.tre
texture/dirt_riverbottom_a1.dds,PARK,terrain-texture,data_texture_01.tre
texture/dirt_rockmud.dds,PARK,terrain-texture,data_texture_01.tre
texture/dirt_rockmud_a1.dds,PARK,terrain-texture,data_texture_01.tre
texture/dirt_rockmud_a1_n.dds,PARK,terrain-texture,data_texture_01.tre
texture/dirt_rockmud_n.dds,PARK,terrain-texture,data_texture_01.tre
texture/dirt_rockmud_white.dds,PARK,terrain-texture,data_texture_01.tre
texture/dirt_rockmud_white_a1.dds,PARK,terrain-texture,data_texture_01.tre
texture/dirt_rockmud_white_a3.dds,PARK,terrain-texture,data_texture_01.tre
texture/dirt_rockybrown.dds,PARK,terrain-texture,data_texture_01.tre
texture/dirt_rockybrown_a1.dds,PARK,terrain-texture,data_texture_01.tre
texture/dirt_rockybrown_a1_n.dds,PARK,terrain-texture,data_texture_01.tre
texture/dirt_rockybrown_n.dds,PARK,terrain-texture,data_texture_01.tre
texture/dirt_sand_cracked.dds,PARK,terrain-texture,data_texture_01.tre
texture/dirt_scorched_earth.dds,PARK,terrain-texture,data_texture_01.tre
texture/dirt_scorched_earth_a1.dds,PARK,terrain-texture,data_texture_01.tre
texture/dirt_scorched_earth_a1_n.dds,PARK,terrain-texture,data_texture_01.tre
texture/dirt_scorched_earth_a2.dds,PARK,terrain-texture,data_texture_01.tre
texture/dirt_scorched_earth_a2_n.dds,PARK,terrain-texture,data_texture_01.tre
texture/dirt_scorched_earth_n.dds,PARK,terrain-texture,data_texture_01.tre
texture/dirt_scorched_rocky.dds,PARK,terrain-texture,data_texture_01.tre
texture/dirt_scorched_rocky_a1.dds,PARK,terrain-texture,data_texture_01.tre
texture/dirt_scorched_rocky_a1_n.dds,PARK,terrain-texture,data_texture_01.tre
texture/dirt_scorched_rocky_n.dds,PARK,terrain-texture,data_texture_01.tre
texture/dirt_scorched_tornearth.dds,PARK,terrain-texture,data_texture_01.tre
texture/dirt_scorched_tornearth_a1.dds,PARK,terrain-texture,data_texture_01.tre
texture/dirt_scorched_tornearth_a1_n.dds,PARK,terrain-texture,data_texture_01.tre
texture/dirt_scorched_tornearth_a2.dds,PARK,terrain-texture,data_texture_01.tre
texture/dirt_scorched_tornearth_a2_n.dds,PARK,terrain-texture,data_texture_01.tre
texture/dirt_scorched_tornearth_n.dds,PARK,terrain-texture,data_texture_01.tre
texture/dirt_small_rocks.dds,PARK,terrain-texture,data_texture_01.tre
texture/dirt_small_swamprocks.dds,PARK,terrain-texture,data_texture_01.tre
texture/dirt_smallrock.dds,PARK,terrain-texture,data_texture_01.tre
texture/dirt_smallrock_a1.dds,PARK,terrain-texture,data_texture_01.tre
texture/dirt_smallrock_a1_n.dds,PARK,terrain-texture,data_texture_01.tre
texture/dirt_smallrock_a2.dds,PARK,terrain-texture,data_texture_01.tre
texture/dirt_smallrock_a2_n.dds,PARK,terrain-texture,data_texture_01.tre
texture/dirt_smallrock_n.dds,PARK,terrain-texture,data_texture_01.tre
texture/dirt_smooth.dds,PARK,terrain-texture,data_texture_01.tre
texture/dirt_smooth_a1.dds,PARK,terrain-texture,data_texture_01.tre
texture/dirt_swampcrackedsand.dds,PARK,terrain-texture,data_texture_01.tre
texture/dirt_swampriverbottom.dds,PARK,terrain-texture,data_texture_01.tre
texture/dirt_swampriverbottom_a1.dds,PARK,terrain-texture,data_texture_01.tre
texture/dirt_tan_damp.dds,PARK,terrain-texture,data_texture_01.tre
texture/dirt_tan_damp_a1.dds,PARK,terrain-texture,data_texture_01.tre
texture/dirt_twiggrass.dds,PARK,terrain-texture,data_texture_01.tre
texture/dirt_twiggrass_a1.dds,PARK,terrain-texture,data_texture_01.tre
texture/dirt_twiggrass_a2.dds,PARK,terrain-texture,data_texture_01.tre
texture/dirt_twiggrass_a3.dds,PARK,terrain-texture,data_texture_01.tre
texture/dirt_yav_cracked.dds,PARK,terrain-texture,data_texture_01.tre
texture/dirt_yavn_shoreline.dds,PARK,terrain-texture,data_texture_01.tre
texture/dirt_yavn_shoreline_a1.dds,PARK,terrain-texture,data_texture_01.tre
texture/dirt_yavn_shoreline_a2.dds,PARK,terrain-texture,data_texture_01.tre
texture/dirt_yellow.dds,PARK,terrain-texture,data_texture_01.tre
texture/dirt_yellow_a1.dds,PARK,terrain-texture,data_texture_01.tre
texture/dirt_yellow_n.dds,PARK,terrain-texture,data_texture_01.tre
texture/env_space_corl.dds,KEEP,space-named,data_sku1_02.tre
texture/env_space_nebula03.dds,KEEP,space-named,data_texture_01.tre
texture/exarkun_intr_dirt.dds,PARK,terrain-texture,data_texture_02.tre
texture/flashspeeder_windshield.dds,PARK,ground-vehicle,patch_11_00.tre
texture/frst_everneedles.dds,PARK,terrain-texture,data_texture_02.tre
texture/frst_everneedles_a1.dds,PARK,terrain-texture,data_texture_02.tre
texture/frst_everneedles_a2.dds,PARK,terrain-texture,data_texture_02.tre
texture/frst_everneedles_a3.dds,PARK,terrain-texture,data_texture_02.tre
texture/frst_everneedles_a4.dds,PARK,terrain-texture,data_texture_02.tre
texture/frst_fallenleaves.dds,PARK,terrain-texture,data_texture_02.tre
texture/frst_fallleafcover.dds,PARK,terrain-texture,data_texture_02.tre
texture/frst_fallleafcover_a1.dds,PARK,terrain-texture,data_texture_02.tre
texture/frst_fallleafcover_a1_n.dds,PARK,terrain-texture,data_texture_02.tre
texture/frst_fallleafcover_a2.dds,PARK,terrain-texture,data_texture_02.tre
texture/frst_fallleafcover_a2_n.dds,PARK,terrain-texture,data_texture_02.tre
texture/frst_fallleafcover_a3.dds,PARK,terrain-texture,data_texture_02.tre
texture/frst_fallleafcover_a3_n.dds,PARK,terrain-texture,data_texture_02.tre
texture/frst_fallleafcover_n.dds,PARK,terrain-texture,data_texture_02.tre
texture/frst_fallleafcover_warm.dds,PARK,terrain-texture,data_texture_02.tre
texture/frst_fallleafcover_warm_a1.dds,PARK,terrain-texture,data_texture_02.tre
texture/frst_fallleafcover_warm_a3.dds,PARK,terrain-texture,data_texture_02.tre
texture/frst_fallleafcover_warm_a3_n.dds,PARK,terrain-texture,data_texture_02.tre
texture/frst_fallleafcover_warm_n.dds,PARK,terrain-texture,data_texture_02.tre
texture/grad_sky_lok.dds,PARK,sky-planet-visual,data_texture_02.tre
texture/grad_sky_nboo.dds,PARK,sky-planet-visual,data_texture_02.tre
texture/grad_sky_nboo_global1.dds,PARK,sky-planet-visual,data_texture_02.tre
texture/grad_sky_rori.dds,PARK,sky-planet-visual,data_texture_02.tre
texture/grievous_booster_2.dds,KEEP,ship-asset,patch_sku1_15_00.tre
texture/grss_clumpydark.dds,PARK,terrain-texture,data_texture_02.tre
texture/grss_clumpydark_a1.dds,PARK,terrain-texture,data_texture_02.tre
texture/grss_clumpydark_a2.dds,PARK,terrain-texture,data_texture_02.tre
texture/grss_clumpygreen.dds,PARK,terrain-texture,data_texture_02.tre
texture/grss_clumpygreen_a1.dds,PARK,terrain-texture,data_texture_02.tre
texture/grss_clumpygreen_a2.dds,PARK,terrain-texture,data_texture_02.tre
texture/grss_dant_pink.dds,PARK,terrain-texture,data_texture_02.tre
texture/grss_dant_pink_a1.dds,PARK,terrain-texture,data_texture_02.tre
texture/grss_dant_pink_a2.dds,PARK,terrain-texture,data_texture_02.tre
texture/grss_dant_yellow.dds,PARK,terrain-texture,data_texture_02.tre
texture/grss_dant_yellow_a1.dds,PARK,terrain-texture,data_texture_02.tre
texture/grss_dant_yellow_a2.dds,PARK,terrain-texture,data_texture_02.tre
texture/grss_darkforestgrass.dds,PARK,terrain-texture,data_texture_02.tre
texture/grss_darkforestgrass_a1.dds,PARK,terrain-texture,data_texture_02.tre
texture/grss_darkforestgrass_a3.dds,PARK,terrain-texture,data_texture_02.tre
texture/grss_darkforestgrass_a4.dds,PARK,terrain-texture,data_texture_02.tre
texture/grss_darkgreengrass.dds,PARK,terrain-texture,data_texture_02.tre
texture/grss_darkgreengrass_a1.dds,PARK,terrain-texture,data_texture_02.tre
texture/grss_darkgreengrass_a2.dds,PARK,terrain-texture,data_texture_02.tre
texture/grss_dath_mintgreen.dds,PARK,terrain-texture,data_texture_02.tre
texture/grss_dath_mintgreen_a1.dds,PARK,terrain-texture,data_texture_02.tre
texture/grss_dath_mintgreen_a2.dds,PARK,terrain-texture,data_texture_02.tre
texture/grss_dsrt_dry_trans.dds,PARK,terrain-texture,data_texture_02.tre
texture/grss_dsrt_dry_trans_a1.dds,PARK,terrain-texture,data_texture_02.tre
texture/grss_dsrt_dry_trans_a2.dds,PARK,terrain-texture,data_texture_02.tre
texture/grss_dsrt_dry_transgreen.dds,PARK,terrain-texture,data_texture_02.tre
texture/grss_dsrt_dry_transgreen_a2.dds,PARK,terrain-texture,data_texture_02.tre
texture/grss_dsrt_dry_transgreen_n.dds,PARK,terrain-texture,data_texture_02.tre
texture/grss_endr_cliffclumpy.dds,PARK,terrain-texture,data_texture_02.tre
texture/grss_endr_cliffclumpy_a1.dds,PARK,terrain-texture,data_texture_02.tre
texture/grss_endr_cliffclumpy_a2.dds,PARK,terrain-texture,data_texture_02.tre
texture/grss_endr_cliffclumpy_a3.dds,PARK,terrain-texture,data_texture_02.tre
texture/grss_lightforestgrass.dds,PARK,terrain-texture,data_texture_02.tre
texture/grss_lightforestgrass_a1.dds,PARK,terrain-texture,data_texture_02.tre
texture/grss_lightforestgrass_a2.dds,PARK,terrain-texture,data_texture_02.tre
texture/grss_lightforestgrass_a3.dds,PARK,terrain-texture,data_texture_02.tre
texture/grss_long.dds,PARK,terrain-texture,data_texture_02.tre
texture/grss_long_a1.dds,PARK,terrain-texture,data_texture_02.tre
texture/grss_long_a2.dds,PARK,terrain-texture,data_texture_02.tre
texture/grss_long_dark.dds,PARK,terrain-texture,data_texture_02.tre
texture/grss_long_dark_a1.dds,PARK,terrain-texture,data_texture_02.tre
texture/grss_long_dark_a2.dds,PARK,terrain-texture,data_texture_02.tre
texture/grss_long_darkgreen.dds,PARK,terrain-texture,data_texture_02.tre
texture/grss_long_darkgreen_a1.dds,PARK,terrain-texture,data_texture_02.tre
texture/grss_long_darkgreen_a2.dds,PARK,terrain-texture,data_texture_02.tre
texture/grss_long_darkswamp.dds,PARK,terrain-texture,data_texture_02.tre
texture/grss_long_darkswamp_a1.dds,PARK,terrain-texture,data_texture_02.tre
texture/grss_long_darkswamp_a2.dds,PARK,terrain-texture,data_texture_02.tre
texture/grss_long_dry.dds,PARK,terrain-texture,data_texture_02.tre
texture/grss_long_dry_a1.dds,PARK,terrain-texture,data_texture_02.tre
texture/grss_long_dry_a2.dds,PARK,terrain-texture,data_texture_02.tre
texture/grss_long_gold.dds,PARK,terrain-texture,data_texture_02.tre
texture/grss_long_gold_a1.dds,PARK,terrain-texture,data_texture_02.tre
texture/grss_long_green.dds,PARK,terrain-texture,data_texture_02.tre
texture/grss_long_green_a1.dds,PARK,terrain-texture,data_texture_02.tre
texture/grss_long_green_a2.dds,PARK,terrain-texture,data_texture_02.tre
texture/grss_long_olive.dds,PARK,terrain-texture,data_texture_02.tre
texture/grss_long_yellow.dds,PARK,terrain-texture,data_texture_02.tre
texture/grss_med_yellowed.dds,PARK,terrain-texture,data_texture_02.tre
texture/grss_med_yellowed_a1.dds,PARK,terrain-texture,data_texture_02.tre
texture/grss_mtns_brown.dds,PARK,terrain-texture,data_texture_02.tre
texture/grss_mtns_flowers.dds,PARK,terrain-texture,data_texture_02.tre
texture/grss_mtns_green.dds,PARK,terrain-texture,data_texture_02.tre
texture/grss_mtns_green_a1.dds,PARK,terrain-texture,data_texture_02.tre
texture/grss_mtns_green_a2.dds,PARK,terrain-texture,data_texture_02.tre
texture/grss_mtnscliffdarkgrass.dds,PARK,terrain-texture,data_texture_02.tre
texture/grss_ptchjunggrass.dds,PARK,terrain-texture,data_texture_02.tre
texture/grss_ptchjunggrass_a1.dds,PARK,terrain-texture,data_texture_02.tre
texture/grss_thin.dds,PARK,terrain-texture,data_texture_02.tre
texture/grss_thin_a1.dds,PARK,terrain-texture,data_texture_02.tre
texture/grss_thin_a2.dds,PARK,terrain-texture,data_texture_02.tre
texture/grss_thin_a3.dds,PARK,terrain-texture,data_texture_02.tre
texture/hum_f_body.dds,PARK,character-texture,data_texture_02.tre
texture/hum_f_brow_s01.dds,PARK,character-texture,data_texture_02.tre
texture/hum_f_brow_s02.dds,PARK,character-texture,data_texture_02.tre
texture/hum_f_brow_s03.dds,PARK,character-texture,data_texture_02.tre
texture/hum_f_brow_s04.dds,PARK,character-texture,data_texture_02.tre
texture/hum_f_brow_s05.dds,PARK,character-texture,data_texture_02.tre
texture/hum_f_brow_s06.dds,PARK,character-texture,data_texture_02.tre
texture/hum_f_brow_s07.dds,PARK,character-texture,data_texture_02.tre
texture/hum_f_brow_s08.dds,PARK,character-texture,data_texture_02.tre
texture/hum_f_brow_s09.dds,PARK,character-texture,data_texture_02.tre
texture/hum_f_brow_s10.dds,PARK,character-texture,data_texture_02.tre
texture/hum_f_face_mask.dds,PARK,character-texture,data_texture_02.tre
texture/hum_f_head.dds,PARK,character-texture,data_texture_02.tre
texture/hum_f_lips_s01.dds,PARK,character-texture,data_texture_02.tre
texture/hum_f_mouth.dds,PARK,character-texture,data_texture_02.tre
texture/hum_m_body.dds,PARK,character-texture,data_texture_02.tre
texture/hum_m_facemask.dds,PARK,character-texture,data_texture_02.tre
texture/hum_m_head.dds,PARK,character-texture,data_texture_03.tre
texture/hum_m_mouth.dds,PARK,character-texture,data_texture_03.tre
texture/hutt_fighter_engine_on_s01.dds,KEEP,ship-asset,data_sku1_02.tre
texture/hutt_fighter_heavy_attach1_s01_pattern02_a_sm.dds,KEEP,ship-asset,patch_sku1_15_00.tre
texture/hutt_fighter_heavy_attach1_s01_spec_sm.dds,KEEP,ship-asset,patch_sku1_15_00.tre
texture/hutt_fighter_heavy_body_s01_s.dds,KEEP,ship-asset,data_sku1_02.tre
texture/hutt_fighter_heavy_body_s01_s_sm.dds,KEEP,ship-asset,data_sku1_02.tre
texture/hutt_fighter_heavy_body_s02_s.dds,KEEP,ship-asset,data_sku1_02.tre
texture/hutt_fighter_heavy_body_s02_s_sm.dds,KEEP,ship-asset,data_sku1_02.tre
texture/hutt_fighter_heavy_booster_s01_s.dds,KEEP,ship-asset,data_sku1_02.tre
texture/hutt_fighter_heavy_booster_s01_s_sm.dds,KEEP,ship-asset,data_sku1_02.tre
texture/hutt_fighter_heavy_booster_s02_s.dds,KEEP,ship-asset,data_sku1_02.tre
texture/hutt_fighter_heavy_booster_s02_s_sm.dds,KEEP,ship-asset,data_sku1_02.tre
texture/hutt_fighter_heavy_engine_s01_s.dds,KEEP,ship-asset,data_sku1_02.tre
texture/hutt_fighter_heavy_engine_s01_s_sm.dds,KEEP,ship-asset,data_sku1_02.tre
texture/hutt_fighter_heavy_engine_s02_s.dds,KEEP,ship-asset,data_sku1_02.tre
texture/hutt_fighter_heavy_engine_s02_s_sm.dds,KEEP,ship-asset,data_sku1_02.tre
texture/hutt_fighter_heavy_struct_s01_s.dds,KEEP,ship-asset,data_sku1_02.tre
texture/hutt_fighter_heavy_struct_s01_s_sm.dds,KEEP,ship-asset,data_sku1_02.tre
texture/hutt_fighter_heavy_struct_s02_pattern01_a_sm.dds,KEEP,ship-asset,data_sku1_02.tre
texture/hutt_fighter_heavy_struct_s02_pattern01_b_sm.dds,KEEP,ship-asset,data_sku1_02.tre
texture/hutt_fighter_heavy_struct_s02_pattern02_a_sm.dds,KEEP,ship-asset,data_sku1_02.tre
texture/hutt_fighter_heavy_struct_s02_pattern02_b_sm.dds,KEEP,ship-asset,data_sku1_02.tre
texture/hutt_fighter_heavy_struct_s02_pattern03_a_sm.dds,KEEP,ship-asset,data_sku1_02.tre
texture/hutt_fighter_heavy_struct_s02_pattern03_b_sm.dds,KEEP,ship-asset,data_sku1_02.tre
texture/hutt_fighter_heavy_struct_s02_pattern04_a_sm.dds,KEEP,ship-asset,data_sku1_02.tre
texture/hutt_fighter_heavy_struct_s02_pattern04_b_sm.dds,KEEP,ship-asset,data_sku1_02.tre
texture/hutt_fighter_heavy_struct_s02_pattern05_a_sm.dds,KEEP,ship-asset,data_sku1_02.tre
texture/hutt_fighter_heavy_struct_s02_pattern05_b_sm.dds,KEEP,ship-asset,data_sku1_02.tre
texture/hutt_fighter_heavy_struct_s02_pattern06_a_sm.dds,KEEP,ship-asset,data_sku1_02.tre
texture/hutt_fighter_heavy_struct_s02_pattern06_b_sm.dds,KEEP,ship-asset,data_sku1_02.tre
texture/hutt_fighter_heavy_struct_s02_pattern_ace_a_sm.dds,KEEP,ship-asset,data_sku1_02.tre
texture/hutt_fighter_heavy_struct_s02_pattern_ace_b_sm.dds,KEEP,ship-asset,data_sku1_02.tre
texture/hutt_fighter_heavy_struct_s02_s.dds,KEEP,ship-asset,data_sku1_02.tre
texture/hutt_fighter_heavy_struct_s02_s_sm.dds,KEEP,ship-asset,data_sku1_02.tre
texture/hutt_fighter_heavy_wepon_mount_s_sm.dds,KEEP,ship-asset,data_sku1_02.tre
texture/hutt_fighter_light_body_s01_s.dds,KEEP,ship-asset,data_sku1_02.tre
texture/hutt_fighter_light_body_s01_s_sm.dds,KEEP,ship-asset,data_sku1_02.tre
texture/hutt_fighter_light_body_s02_s.dds,KEEP,ship-asset,data_sku1_02.tre
texture/hutt_fighter_light_body_s02_s_sm.dds,KEEP,ship-asset,data_sku1_02.tre
texture/hutt_fighter_light_booster_s01_s.dds,KEEP,ship-asset,data_sku1_02.tre
texture/hutt_fighter_light_booster_s02_s.dds,KEEP,ship-asset,data_sku1_02.tre
texture/hutt_fighter_light_booster_s02_s_sm.dds,KEEP,ship-asset,data_sku1_02.tre
texture/hutt_fighter_light_engine_s01_s.dds,KEEP,ship-asset,data_sku1_02.tre
texture/hutt_fighter_light_engine_s01_s_sm.dds,KEEP,ship-asset,data_sku1_02.tre
texture/hutt_fighter_light_engine_s02_s.dds,KEEP,ship-asset,data_sku1_02.tre
texture/hutt_fighter_light_engine_s02_s_sm.dds,KEEP,ship-asset,data_sku1_02.tre
texture/hutt_fighter_light_struct_s01_s.dds,KEEP,ship-asset,data_sku1_03.tre
texture/hutt_fighter_light_struct_s01_s_sm.dds,KEEP,ship-asset,data_sku1_03.tre
texture/hutt_fighter_light_struct_s02_s.dds,KEEP,ship-asset,data_sku1_03.tre
texture/hutt_fighter_light_struct_s02_s_sm.dds,KEEP,ship-asset,data_sku1_03.tre
texture/hutt_fighter_medium_body_s01_s.dds,KEEP,ship-asset,data_sku1_03.tre
texture/hutt_fighter_medium_body_s01_s_sm.dds,KEEP,ship-asset,data_sku1_03.tre
texture/hutt_fighter_medium_body_s02_s.dds,KEEP,ship-asset,data_sku1_03.tre
texture/hutt_fighter_medium_body_s02_s_sm.dds,KEEP,ship-asset,data_sku1_03.tre
texture/hutt_fighter_medium_body_view_s01_s.dds,KEEP,ship-asset,data_sku1_03.tre
texture/hutt_fighter_medium_boosters_s01_s.dds,KEEP,ship-asset,data_sku1_03.tre
texture/hutt_fighter_medium_boosters_s01_s_sm.dds,KEEP,ship-asset,data_sku1_03.tre
texture/hutt_fighter_medium_boosters_s02_s_sm.dds,KEEP,ship-asset,data_sku1_03.tre
texture/hutt_fighter_medium_engine_s01_s.dds,KEEP,ship-asset,data_sku1_03.tre
texture/hutt_fighter_medium_engine_s01_s_sm.dds,KEEP,ship-asset,data_sku1_03.tre
texture/hutt_fighter_medium_engine_s02_s.dds,KEEP,ship-asset,data_sku1_03.tre
texture/hutt_fighter_medium_engine_s02_s_sm.dds,KEEP,ship-asset,data_sku1_03.tre
texture/hutt_fighter_medium_missile_pod_s01_s.dds,KEEP,ship-asset,data_sku1_03.tre
texture/hutt_fighter_medium_missile_pod_s01_s_sm.dds,KEEP,ship-asset,data_sku1_03.tre
texture/hutt_fighter_medium_struct_s01_s.dds,KEEP,ship-asset,data_sku1_03.tre
texture/hutt_fighter_medium_struct_s01_s_sm.dds,KEEP,ship-asset,data_sku1_03.tre
texture/hutt_fighter_medium_struct_s02_s.dds,KEEP,ship-asset,data_sku1_03.tre
texture/hutt_fighter_medium_struct_s02_s_sm.dds,KEEP,ship-asset,data_sku1_03.tre
texture/hutt_heavy_cockpit01.dds,KEEP,ship-asset,data_sku1_03.tre
texture/hutt_heavy_cockpit01_cn.dds,KEEP,ship-asset,data_sku1_03.tre
texture/hutt_heavy_cockpit02.dds,KEEP,ship-asset,data_sku1_03.tre
texture/hutt_heavy_cockpit02_cn.dds,KEEP,ship-asset,data_sku1_03.tre
texture/intr_cptl_tatt_wall_a1.dds,PARK,terrain-texture,data_texture_03.tre
texture/intr_cptl_tatt_wall_a2.dds,PARK,terrain-texture,data_texture_03.tre
texture/intr_hotel_blackmarble.dds,PARK,interior-texture,data_texture_03.tre
texture/intr_hotel_ceiling_a1.dds,PARK,interior-texture,data_texture_03.tre
texture/intr_hotel_ceiling_a2.dds,PARK,interior-texture,data_texture_03.tre
texture/intr_hotel_darkmarble.dds,PARK,interior-texture,data_texture_03.tre
texture/intr_hotel_floor.dds,PARK,interior-texture,data_texture_03.tre
texture/intr_hotel_floor_a1.dds,PARK,interior-texture,data_texture_03.tre
texture/intr_hotelwall_a.dds,PARK,interior-texture,data_texture_03.tre
texture/intr_hotelwall_agreen.dds,PARK,interior-texture,data_texture_03.tre
texture/intr_hotelwall_ared.dds,PARK,interior-texture,data_texture_03.tre
texture/intr_hotelwall_ayellow.dds,PARK,interior-texture,data_texture_03.tre
texture/intr_tech_ceilingb.dds,PARK,interior-texture,data_texture_03.tre
texture/intr_tech_floor_c.dds,PARK,interior-texture,data_texture_03.tre
texture/intr_tech_floora.dds,PARK,interior-texture,data_texture_03.tre
texture/intr_tech_floorb.dds,PARK,interior-texture,data_texture_03.tre
texture/intr_tech_floorb_n.dds,PARK,interior-texture,data_texture_03.tre
texture/intro_cloud.dds,PARK,intro-texture,data_texture_03.tre
texture/intro_halo.dds,PARK,intro-texture,data_texture_03.tre
texture/intro_planet.dds,PARK,intro-texture,data_texture_03.tre
texture/jedi_fighter_cockpit_1_emis.dds,KEEP,ship-asset,patch_sku1_15_00.tre
texture/jedi_fighter_cockpit_2_emis.dds,KEEP,ship-asset,patch_sku1_15_00.tre
texture/jf1_gun1_s01.dds,KEEP,ship-asset,patch_sku1_15_00.tre
texture/jf1_pod_cn.dds,KEEP,ship-asset,patch_sku1_15_00.tre
texture/jf1_pod_s01.dds,KEEP,ship-asset,patch_sku1_15_00.tre
texture/jf1_pod_s01_color2.dds,KEEP,ship-asset,patch_sku1_15_00.tre
texture/jf1_pod_spec.dds,KEEP,ship-asset,patch_sku1_15_00.tre
texture/jf1_wing_s01_cn.dds,KEEP,ship-asset,patch_sku1_15_00.tre
texture/nebula_corl_bottom.dds,KEEP,space-named,data_sku1_03.tre
texture/nebula_corl_bottom_sm.dds,KEEP,space-named,data_sku1_06.tre
texture/nebula_endr_top.dds,KEEP,space-named,data_sku1_06.tre
texture/nebula_k_back_sm.dds,KEEP,space-named,data_sku1_06.tre
texture/nebula_k_bottom_sm.dds,KEEP,space-named,data_sku1_06.tre
texture/nebula_k_front_sm.dds,KEEP,space-named,data_sku1_06.tre
texture/nebula_k_left_sm.dds,KEEP,space-named,data_sku1_06.tre
texture/nebula_k_right_sm.dds,KEEP,space-named,data_sku1_06.tre
texture/nebula_k_top_sm.dds,KEEP,space-named,data_sku1_06.tre
texture/nebula_yavn_left_sm.dds,KEEP,space-named,data_sku1_06.tre
texture/neutral_detail.dds,PARK,terrain-texture,data_sku1_03.tre
texture/pirate_asteroid_base_lights_sm.dds,KEEP,ship-asset,data_sku1_03.tre
texture/planet_corl_moon_01.dds,PARK,sky-planet-visual,data_sku1_06.tre
texture/planet_halo.dds,PARK,sky-planet-visual,data_sku1_03.tre
texture/planet_halo_top.dds,PARK,sky-planet-visual,data_sku1_03.tre
texture/planet_yavin.dds,PARK,sky-planet-visual,data_sku1_06.tre
texture/planetoid_mining_rock_s01_dtl_sm.dds,KEEP,ship-asset,patch_sku1_15_00.tre
texture/pln_cloud_naboo.dds,PARK,sky-planet-visual,data_sku1_06.tre
texture/pln_corl_cloud.dds,PARK,sky-planet-visual,data_sku1_06.tre
texture/pln_corl_tile_base.dds,PARK,sky-planet-visual,data_sku1_06.tre
texture/pln_dantooine.dds,PARK,sky-planet-visual,data_sku1_06.tre
texture/pln_dathomir.dds,PARK,sky-planet-visual,data_sku1_03.tre
texture/pln_endor_gas_giant.dds,PARK,sky-planet-visual,data_sku1_06.tre
texture/pln_endor_tile.dds,PARK,sky-planet-visual,data_sku1_06.tre
texture/pln_kashyyyk_tile.dds,PARK,sky-planet-visual,patch_sku1_15_00.tre
texture/pln_naboo_blue.dds,PARK,sky-planet-visual,data_sku1_03.tre
texture/pln_naboo_blue_sm.dds,PARK,sky-planet-visual,data_sku1_06.tre
texture/pln_naboo_tile.dds,PARK,sky-planet-visual,data_sku1_06.tre
texture/pln_planet_moon_01_sm.dds,PARK,sky-planet-visual,data_sku1_06.tre
texture/pln_tatooine.dds,PARK,sky-planet-visual,data_sku1_03.tre
texture/poi_bramble_sand.dds,PARK,terrain-texture,data_texture_05.tre
texture/poi_rancor_grass.dds,PARK,terrain-texture,data_texture_05.tre
texture/poi_rancor_grass_blend.dds,PARK,terrain-texture,data_texture_05.tre
texture/poi_rancor_grass_n.dds,PARK,terrain-texture,data_texture_05.tre
texture/poi_rancor_sand_light.dds,PARK,terrain-texture,data_texture_05.tre
texture/poi_rancor_sand_n.dds,PARK,terrain-texture,data_texture_05.tre
texture/poi_rock_sandstone_a4_n.dds,PARK,terrain-texture,data_texture_05.tre
texture/poi_rock_sandstone_grey.dds,PARK,terrain-texture,data_texture_05.tre
texture/poi_tatt_cave_rock.dds,PARK,terrain-texture,data_texture_05.tre
texture/poi_tatt_cave_rock_a1.dds,PARK,terrain-texture,data_texture_05.tre
texture/poi_tatt_cave_rock_floor.dds,PARK,terrain-texture,data_texture_05.tre
texture/pt_bolt_flash_cannon_flash.dds,KEEP,space-combat-fx,data_sku1_06.tre
texture/pt_bolt_red.dds,KEEP,space-combat-fx,data_texture_05.tre
texture/pt_bolt_space_blue.dds,KEEP,space-combat-fx,data_sku1_03.tre
texture/pt_bolt_space_white_wiggle.dds,KEEP,space-combat-fx,data_sku1_06.tre
texture/pt_explosion_finger.dds,KEEP,space-combat-fx,data_sku1_03.tre
texture/pt_plasma_fireburst_orange.dds,KEEP,space-combat-fx,patch_sku1_15_00.tre
texture/pt_ship_blaster_muzzle_flash.dds,KEEP,space-named,data_sku1_03.tre
texture/pt_space_explosion_single_frame.dds,KEEP,space-named,data_sku1_03.tre
texture/pt_space_explosion_single_frame_2.dds,KEEP,space-named,data_sku1_07.tre
texture/ptch_grass.dds,PARK,terrain-texture,data_texture_05.tre
texture/ptch_grass_a1.dds,PARK,terrain-texture,data_texture_05.tre
texture/ptch_grass_a2.dds,PARK,terrain-texture,data_texture_05.tre
texture/ptch_grass_a3.dds,PARK,terrain-texture,data_texture_05.tre
texture/r2head.dds,PARK,character-texture,data_texture_05.tre
texture/robe_s05.dds,PARK,character-texture,data_texture_05.tre
texture/robe_s05_hood.dds,PARK,character-texture,data_texture_05.tre
texture/robe_s05_hood_sm.dds,PARK,character-texture,data_texture_05.tre
texture/robe_s05_sm.dds,PARK,character-texture,data_texture_05.tre
texture/rock_cliff_anza.dds,PARK,terrain-texture,data_texture_05.tre
texture/rock_cliff_anza_a1.dds,PARK,terrain-texture,data_texture_05.tre
texture/rock_cliff_anza_a2.dds,PARK,terrain-texture,data_texture_05.tre
texture/rock_cliff_anza_n.dds,PARK,terrain-texture,data_texture_05.tre
texture/rock_cliff_anza_n_a1.dds,PARK,terrain-texture,data_texture_05.tre
texture/rock_cliff_anza_n_a2.dds,PARK,terrain-texture,data_texture_05.tre
texture/rock_cliffcracked.dds,PARK,terrain-texture,data_texture_05.tre
texture/rock_cliffcracked_a1.dds,PARK,terrain-texture,data_texture_05.tre
texture/rock_cliffcracked_a1_n.dds,PARK,terrain-texture,data_texture_05.tre
texture/rock_cliffcracked_n.dds,PARK,terrain-texture,data_texture_05.tre
texture/rock_dath_blue.dds,PARK,terrain-texture,patch_07.tre
texture/rock_dath_blue_a1.dds,PARK,terrain-texture,patch_07.tre
texture/rock_dath_blue_a2.dds,PARK,terrain-texture,patch_07.tre
texture/rock_dath_blue_a3.dds,PARK,terrain-texture,patch_07.tre
texture/rock_dath_desertboulder.dds,PARK,terrain-texture,data_texture_05.tre
texture/rock_dath_desertboulder_cap.dds,PARK,terrain-texture,data_texture_05.tre
texture/rock_dath_desertboulder_cap_n.dds,PARK,terrain-texture,data_texture_05.tre
texture/rock_dath_desertboulder_n.dds,PARK,terrain-texture,data_texture_05.tre
texture/rock_dath_desertcanyon.dds,PARK,terrain-texture,data_texture_05.tre
texture/rock_dath_desertcanyon_a1.dds,PARK,terrain-texture,data_texture_05.tre
texture/rock_dath_desertcanyon_a2.dds,PARK,terrain-texture,data_texture_05.tre
texture/rock_dath_desertcanyon_a3.dds,PARK,terrain-texture,data_texture_05.tre
texture/rock_dath_desertdirty.dds,PARK,terrain-texture,data_texture_05.tre
texture/rock_dath_desertdirty_a1.dds,PARK,terrain-texture,data_texture_05.tre
texture/rock_dath_desertdirty_a2.dds,PARK,terrain-texture,data_texture_05.tre
texture/rock_dath_desertdirty_a3.dds,PARK,terrain-texture,data_texture_05.tre
texture/rock_dath_desertmesa.dds,PARK,terrain-texture,data_texture_05.tre
texture/rock_dath_desertmesa_a1.dds,PARK,terrain-texture,data_texture_05.tre
texture/rock_dath_desertmesa_a2.dds,PARK,terrain-texture,data_texture_05.tre
texture/rock_desert_rough.dds,PARK,terrain-texture,data_texture_05.tre
texture/rock_desert_rough_lod.dds,PARK,terrain-texture,data_texture_05.tre
texture/rock_desert_rough_sml.dds,PARK,terrain-texture,data_texture_05.tre
texture/rock_endorriverbed.dds,PARK,terrain-texture,data_texture_05.tre
texture/rock_endorriverbed_a1.dds,PARK,terrain-texture,data_texture_05.tre
texture/rock_endorriverbed_a2.dds,PARK,terrain-texture,data_texture_05.tre
texture/rock_endorriverbed_a3.dds,PARK,terrain-texture,data_texture_05.tre
texture/rock_endr_selmamountains.dds,PARK,terrain-texture,data_texture_05.tre
texture/rock_endr_selmamountains_a1.dds,PARK,terrain-texture,data_texture_05.tre
texture/rock_endr_selmamountains_a1_n.dds,PARK,terrain-texture,data_texture_05.tre
texture/rock_endr_selmamountains_a2.dds,PARK,terrain-texture,data_texture_05.tre
texture/rock_endr_selmamountains_a2_n.dds,PARK,terrain-texture,data_texture_05.tre
texture/rock_endr_selmamountains_a3.dds,PARK,terrain-texture,data_texture_05.tre
texture/rock_endr_selmamountains_n.dds,PARK,terrain-texture,data_texture_05.tre
texture/rock_endr_selmamountainsflat.dds,PARK,terrain-texture,data_texture_05.tre
texture/rock_endr_selmamountainsflat_a1.dds,PARK,terrain-texture,data_texture_05.tre
texture/rock_endr_selmamountainsflat_a1_n.dds,PARK,terrain-texture,data_texture_05.tre
texture/rock_endr_selmamountainsflat_n.dds,PARK,terrain-texture,data_texture_05.tre
texture/rock_gravel_fine.dds,PARK,terrain-texture,data_texture_05.tre
texture/rock_gravel_fine_a1.dds,PARK,terrain-texture,data_texture_05.tre
texture/rock_gravel_fine_a1_n.dds,PARK,terrain-texture,data_texture_05.tre
texture/rock_gravel_fine_a2.dds,PARK,terrain-texture,data_texture_05.tre
texture/rock_gravel_fine_a2_n.dds,PARK,terrain-texture,data_texture_05.tre
texture/rock_gravel_fine_n.dds,PARK,terrain-texture,data_texture_05.tre
texture/rock_gravel_large.dds,PARK,terrain-texture,data_texture_05.tre
texture/rock_gravel_large_a1.dds,PARK,terrain-texture,data_texture_05.tre
texture/rock_gravel_large_a1_n.dds,PARK,terrain-texture,data_texture_05.tre
texture/rock_gravel_large_a2.dds,PARK,terrain-texture,data_texture_05.tre
texture/rock_gravel_large_a2_n.dds,PARK,terrain-texture,data_texture_05.tre
texture/rock_gravel_large_n.dds,PARK,terrain-texture,data_texture_05.tre
texture/rock_gravel_small.dds,PARK,terrain-texture,data_texture_05.tre
texture/rock_gravel_small_a1.dds,PARK,terrain-texture,data_texture_05.tre
texture/rock_gravel_small_a1_n.dds,PARK,terrain-texture,data_texture_05.tre
texture/rock_gravel_small_a2.dds,PARK,terrain-texture,data_texture_05.tre
texture/rock_gravel_small_a2_n.dds,PARK,terrain-texture,data_texture_05.tre
texture/rock_gravel_small_n.dds,PARK,terrain-texture,data_texture_05.tre
texture/rock_lakeshore_gravel.dds,PARK,terrain-texture,data_texture_05.tre
texture/rock_lakeshore_gravel_wet.dds,PARK,terrain-texture,data_texture_05.tre
texture/rock_mtns_cliff_mud.dds,PARK,terrain-texture,data_texture_05.tre
texture/rock_mtns_cliffbrown.dds,PARK,terrain-texture,data_texture_05.tre
texture/rock_mtns_cliffgrey.dds,PARK,terrain-texture,data_texture_05.tre
texture/rock_mtns_darkgrey_bumpy.dds,PARK,terrain-texture,data_texture_05.tre
texture/rock_mtns_darkgrey_flat.dds,PARK,terrain-texture,data_texture_05.tre
texture/rock_mtns_darkgrey_patchy.dds,PARK,terrain-texture,data_texture_05.tre
texture/rock_mtns_whitelimestone.dds,PARK,terrain-texture,data_texture_05.tre
texture/rock_mtns_whitelimestone_a1.dds,PARK,terrain-texture,data_texture_05.tre
texture/rock_mtns_whitelimestone_a2.dds,PARK,terrain-texture,data_texture_05.tre
texture/rock_mtnsgranite_dk.dds,PARK,terrain-texture,data_texture_05.tre
texture/rock_mtnsgranite_dk_a1.dds,PARK,terrain-texture,data_texture_05.tre
texture/rock_mtnsgranite_dk_a2.dds,PARK,terrain-texture,data_texture_05.tre
texture/rock_mtnsgrey.dds,PARK,terrain-texture,data_texture_05.tre
texture/rock_mtnsgrey_a1.dds,PARK,terrain-texture,data_texture_05.tre
texture/rock_mtnsgrey_a2.dds,PARK,terrain-texture,data_texture_05.tre
texture/rock_mtnsgrey_a3.dds,PARK,terrain-texture,data_texture_05.tre
texture/rock_mtnssed.dds,PARK,terrain-texture,data_texture_05.tre
texture/rock_mtnssed_a1.dds,PARK,terrain-texture,data_texture_05.tre
texture/rock_mtnssed_a2.dds,PARK,terrain-texture,data_texture_05.tre
texture/rock_mtnssed_a3.dds,PARK,terrain-texture,data_texture_05.tre
texture/rock_sandstone_a4.dds,PARK,terrain-texture,data_texture_05.tre
texture/rock_tato_floor_tile_dk.dds,PARK,terrain-texture,data_texture_05.tre
texture/rock_tato_road.dds,PARK,terrain-texture,data_texture_05.tre
texture/rock_tato_road_a1.dds,PARK,terrain-texture,data_texture_05.tre
texture/rock_tatt_arch.dds,PARK,terrain-texture,data_texture_05.tre
texture/rock_tatt_arch_base.dds,PARK,terrain-texture,data_texture_05.tre
texture/rock_tatt_arch_base_n.dds,PARK,terrain-texture,data_texture_05.tre
texture/rock_tatt_arch_base_nodetail.dds,PARK,terrain-texture,data_texture_05.tre
texture/rock_tatt_arch_n.dds,PARK,terrain-texture,data_texture_05.tre
texture/rock_tatt_arch_nodetail.dds,PARK,terrain-texture,data_texture_05.tre
texture/rock_tatt_bensmesa_boulder.dds,PARK,terrain-texture,data_texture_05.tre
texture/rock_tatt_bensmesa_boulder_cap.dds,PARK,terrain-texture,data_texture_05.tre
texture/rock_tatt_bensmesa_boulder_cap_n.dds,PARK,terrain-texture,data_texture_05.tre
texture/rock_tatt_bensmesa_boulder_n.dds,PARK,terrain-texture,data_texture_05.tre
texture/rock_tatt_boulder.dds,PARK,terrain-texture,data_texture_05.tre
texture/rock_tatt_boulder_n.dds,PARK,terrain-texture,data_texture_05.tre
texture/rock_tatt_jundland_boulder.dds,PARK,terrain-texture,data_texture_05.tre
texture/rock_tatt_jundland_boulder_cap.dds,PARK,terrain-texture,data_texture_05.tre
texture/rock_tatt_jundland_boulder_cap_n.dds,PARK,terrain-texture,data_texture_05.tre
texture/rock_tatt_jundland_boulder_n.dds,PARK,terrain-texture,data_texture_05.tre
texture/rock_tatt_mushroom_detail.dds,PARK,terrain-texture,data_texture_05.tre
texture/rock_tatt_mushroom_spire.dds,PARK,terrain-texture,data_texture_05.tre
texture/rock_tatt_mushroom_spire_nodetail.dds,PARK,terrain-texture,data_texture_05.tre
texture/rock_tatt_spire_a1.dds,PARK,terrain-texture,data_texture_05.tre
texture/rock_tatt_spire_a2.dds,PARK,terrain-texture,data_texture_05.tre
texture/rock_tatt_spire_s01.dds,PARK,terrain-texture,data_texture_05.tre
texture/rock_tatt_spire_s01_n.dds,PARK,terrain-texture,data_texture_05.tre
texture/rock_tatt_spire_s02.dds,PARK,terrain-texture,data_texture_05.tre
texture/rock_tatt_spire_s02_n.dds,PARK,terrain-texture,data_texture_05.tre
texture/rock_tatt_spire_s03.dds,PARK,terrain-texture,data_texture_05.tre
texture/rock_tatt_spire_s03_n.dds,PARK,terrain-texture,data_texture_05.tre
texture/sand_beach_packed_gold.dds,PARK,terrain-texture,data_texture_05.tre
texture/sand_beach_packed_gold_a1.dds,PARK,terrain-texture,data_texture_05.tre
texture/sand_beach_packed_gold_a1_n.dds,PARK,terrain-texture,data_texture_05.tre
texture/sand_beach_packed_gold_a2.dds,PARK,terrain-texture,data_texture_05.tre
texture/sand_beach_packed_gold_a2_n.dds,PARK,terrain-texture,data_texture_05.tre
texture/sand_beach_packed_gold_n.dds,PARK,terrain-texture,data_texture_05.tre
texture/sand_beach_thickandwavy_gold.dds,PARK,terrain-texture,data_texture_05.tre
texture/sand_beach_thickandwavy_gold_a1.dds,PARK,terrain-texture,data_texture_05.tre
texture/sand_beach_thickandwavy_gold_a1_n.dds,PARK,terrain-texture,data_texture_05.tre
texture/sand_beach_thickandwavy_gold_a2.dds,PARK,terrain-texture,data_texture_05.tre
texture/sand_beach_thickandwavy_gold_a2_n.dds,PARK,terrain-texture,data_texture_05.tre
texture/sand_beach_thickandwavy_gold_n.dds,PARK,terrain-texture,data_texture_05.tre
texture/sand_beach_waterline_gold.dds,PARK,terrain-texture,data_texture_05.tre
texture/sand_beach_waterline_gold_a1.dds,PARK,terrain-texture,data_texture_05.tre
texture/sand_beach_waterline_gold_a1_n.dds,PARK,terrain-texture,data_texture_05.tre
texture/sand_beach_waterline_gold_n.dds,PARK,terrain-texture,data_texture_05.tre
texture/sand_bumpy.dds,PARK,terrain-texture,data_texture_05.tre
texture/sand_bumpy_a1.dds,PARK,terrain-texture,data_texture_05.tre
texture/sand_bumpy_a1_n.dds,PARK,terrain-texture,data_texture_05.tre
texture/sand_bumpy_a2.dds,PARK,terrain-texture,data_texture_05.tre
texture/sand_bumpy_a2_n.dds,PARK,terrain-texture,data_texture_05.tre
texture/sand_bumpy_n.dds,PARK,terrain-texture,data_texture_05.tre
texture/sand_bumpy_warm.dds,PARK,terrain-texture,data_texture_05.tre
texture/sand_bumpy_warm_a1.dds,PARK,terrain-texture,data_texture_05.tre
texture/sand_bumpy_warm_a2.dds,PARK,terrain-texture,data_texture_05.tre
texture/sand_cantina_interior.dds,PARK,terrain-texture,data_texture_05.tre
texture/sand_clumpy.dds,PARK,terrain-texture,data_texture_05.tre
texture/sand_clumpy_a1.dds,PARK,terrain-texture,data_texture_05.tre
texture/sand_clumpy_a1_n.dds,PARK,terrain-texture,data_texture_05.tre
texture/sand_clumpy_a2.dds,PARK,terrain-texture,data_texture_05.tre
texture/sand_clumpy_a2_n.dds,PARK,terrain-texture,data_texture_05.tre
texture/sand_clumpy_a3.dds,PARK,terrain-texture,data_texture_05.tre
texture/sand_clumpy_a3_n.dds,PARK,terrain-texture,data_texture_05.tre
texture/sand_clumpy_n.dds,PARK,terrain-texture,data_texture_05.tre
texture/sand_cracked.dds,PARK,terrain-texture,data_texture_05.tre
texture/sand_dath_desertash.dds,PARK,terrain-texture,data_texture_05.tre
texture/sand_dath_desertash_a1.dds,PARK,terrain-texture,data_texture_05.tre
texture/sand_dath_desertash_a2.dds,PARK,terrain-texture,data_texture_05.tre
texture/sand_dath_desertash_a3.dds,PARK,terrain-texture,data_texture_05.tre
texture/sand_wndblwn_a1.dds,PARK,terrain-texture,data_texture_05.tre
texture/sand_wndblwn_a2.dds,PARK,terrain-texture,data_texture_05.tre
texture/sand_wndblwn_a3.dds,PARK,terrain-texture,data_texture_05.tre
texture/sand_wndblwn_white.dds,PARK,terrain-texture,data_texture_05.tre
texture/slave1_main_s03_color2.dds,KEEP,ship-asset,data_sku1_04.tre
texture/slave1_rear_spec.dds,KEEP,ship-asset,data_sku1_04.tre
texture/slave1_wing2_spec_sm.dds,KEEP,ship-asset,data_sku1_04.tre
texture/snow_mtnspeak.dds,PARK,terrain-texture,data_texture_06.tre
texture/snow_mtnspeak_a1.dds,PARK,terrain-texture,data_texture_06.tre
texture/snow_mtnspeak_a2.dds,PARK,terrain-texture,data_texture_06.tre
texture/snow_mtnspeak_white.dds,PARK,terrain-texture,data_texture_06.tre
texture/spaceport_luma_departlight.dds,PARK,spaceport-interior,data_texture_06.tre
texture/spaceport_luma_hall_light.dds,PARK,spaceport-interior,data_texture_06.tre
texture/spaceport_luma_lightstrip1.dds,PARK,spaceport-interior,data_texture_06.tre
texture/spaceport_luma_lightstrip2.dds,PARK,spaceport-interior,data_texture_06.tre
texture/spaceport_luma_lightstrip3.dds,PARK,spaceport-interior,data_texture_06.tre
texture/spaceport_metl_base.dds,PARK,spaceport-interior,data_texture_06.tre
texture/spaceport_metl_base_light.dds,PARK,spaceport-interior,data_texture_06.tre
texture/spaceport_metl_base_light_trim.dds,PARK,spaceport-interior,data_texture_06.tre
texture/spaceport_metl_panel1.dds,PARK,spaceport-interior,data_texture_06.tre
texture/spaceport_metl_panel2.dds,PARK,spaceport-interior,data_texture_06.tre
texture/spaceport_metl_panel3.dds,PARK,spaceport-interior,data_texture_06.tre
texture/spaceport_metl_panel4.dds,PARK,spaceport-interior,data_texture_06.tre
texture/spaceport_metl_panel5.dds,PARK,spaceport-interior,data_texture_06.tre
texture/spaceport_metl_panel6.dds,PARK,spaceport-interior,data_texture_06.tre
texture/spaceport_metl_trim.dds,PARK,spaceport-interior,data_texture_06.tre
texture/spaceport_starchart1.dds,PARK,spaceport-interior,data_texture_06.tre
texture/spacestation_turret_s01_sm.dds,KEEP,space-named,data_sku1_04.tre
texture/ss3000_bar.dds,KEEP,ship-asset,data_sku1_04.tre
texture/ss3000_blank.dds,KEEP,ship-asset,data_sku1_04.tre
texture/ss3000_blue_carpet.dds,KEEP,ship-asset,data_sku1_04.tre
texture/ss3000_hallceiling.dds,KEEP,ship-asset,data_sku1_04.tre
texture/ss3000_halldoor2.dds,KEEP,ship-asset,data_sku1_04.tre
texture/ss3000_halldoor3.dds,KEEP,ship-asset,data_sku1_04.tre
texture/ss3000_hallwall2.dds,KEEP,ship-asset,data_sku1_04.tre
texture/ss3000_intmetal03.dds,KEEP,ship-asset,data_sku1_04.tre
texture/ss3000_observwall.dds,KEEP,ship-asset,data_sku1_04.tre
texture/ss3000_smwall.dds,KEEP,ship-asset,data_sku1_04.tre
texture/ss3000_smwalldoor2.dds,KEEP,ship-asset,data_sku1_04.tre
texture/ss3000_woodgrain.dds,KEEP,ship-asset,data_sku1_04.tre
texture/star_destroyer_trim.dds,KEEP,ship-asset,patch_05.tre
texture/stco_tato_dtlbase.dds,PARK,terrain-texture,data_texture_06.tre
texture/stco_tato_dtlbase_a1.dds,PARK,terrain-texture,data_texture_06.tre
texture/stco_tato_farmdome_detla.dds,PARK,terrain-texture,data_texture_06.tre
texture/stco_tato_farmdome_detlb.dds,PARK,terrain-texture,data_texture_06.tre
texture/striker_main.dds,KEEP,ship-asset,data_texture_06.tre
texture/tat_sandlight.dds,PARK,terrain-texture,data_texture_06.tre
texture/tat_sandlight_a1.dds,PARK,terrain-texture,data_texture_06.tre
texture/tat_sandlight_a1_n.dds,PARK,terrain-texture,data_texture_06.tre
texture/tat_sandlight_n.dds,PARK,terrain-texture,data_texture_06.tre
texture/tatt_door1.dds,PARK,terrain-texture,data_texture_06.tre
texture/tatt_door1_n.dds,PARK,terrain-texture,data_texture_06.tre
texture/tatt_door2.dds,PARK,terrain-texture,data_texture_06.tre
texture/tatt_door2_n.dds,PARK,terrain-texture,data_texture_06.tre
texture/tatt_sand_bumpy.dds,PARK,terrain-texture,data_texture_06.tre
texture/tatt_sand_bumpy2.dds,PARK,terrain-texture,data_texture_06.tre
texture/tatt_sand_bumpy_a1.dds,PARK,terrain-texture,data_texture_06.tre
texture/tatt_sand_bumpy_a1_n.dds,PARK,terrain-texture,data_texture_06.tre
texture/tatt_sand_bumpy_n.dds,PARK,terrain-texture,data_texture_06.tre
texture/tatt_tusken_rock.dds,PARK,terrain-texture,data_texture_06.tre
texture/tatt_tusken_rock_cave_entrance.dds,PARK,terrain-texture,data_texture_06.tre
texture/tatt_tusken_rock_cave_entrance_n.dds,PARK,terrain-texture,data_texture_06.tre
texture/tatt_tusken_rock_ceiling.dds,PARK,terrain-texture,data_texture_06.tre
texture/tatt_tusken_rock_floor.dds,PARK,terrain-texture,data_texture_06.tre
texture/tie_bomber_a.dds,KEEP,ship-asset,data_sku1_04.tre
texture/tie_bomber_a_cn.dds,KEEP,ship-asset,data_sku1_04.tre
texture/tie_bomber_b.dds,KEEP,ship-asset,data_sku1_04.tre
texture/tie_bomber_b_cn.dds,KEEP,ship-asset,data_sku1_04.tre
texture/tie_bomber_med_cn.dds,KEEP,ship-asset,data_sku1_04.tre
texture/tie_cockpit_controls.dds,KEEP,ship-asset,data_sku1_04.tre
texture/tie_cockpit_controls_cn.dds,KEEP,ship-asset,data_sku1_04.tre
texture/tie_cockpit_main.dds,KEEP,ship-asset,data_sku1_04.tre
texture/tie_cockpit_main_cn.dds,KEEP,ship-asset,data_sku1_04.tre
texture/tie_cockpit_main_emis.dds,KEEP,ship-asset,data_sku1_04.tre
texture/tie_interceptor_accessory_s01_repguard.dds,KEEP,ship-asset,patch_sku1_15_00.tre
texture/tie_interceptor_accessory_s01_repguard_med.dds,KEEP,ship-asset,patch_sku1_15_00.tre
texture/tie_interceptor_accessory_s01_repguard_sm.dds,KEEP,ship-asset,patch_sku1_15_00.tre
texture/tie_interceptor_cn.dds,KEEP,ship-asset,patch_sku1_15_00.tre
texture/tie_interceptor_cn_med.dds,KEEP,ship-asset,patch_sku1_15_00.tre
texture/tie_main_modified_sm.dds,KEEP,ship-asset,patch_sku1_15_00.tre
texture/transport_beacon_lights.dds,KEEP,ship-asset,data_sku1_04.tre
texture/twk_f_face.dds,PARK,character-texture,data_texture_07.tre
texture/vt49.dds,KEEP,ship-asset,data_sku1_04.tre
texture/vt49_detail.dds,KEEP,ship-asset,data_sku1_04.tre
texture/vt49_door.dds,KEEP,ship-asset,data_sku1_04.tre
texture/vt49_floor.dds,KEEP,ship-asset,data_sku1_04.tre
texture/vt49_intmetal01.dds,KEEP,ship-asset,data_sku1_04.tre
texture/vt49_intmetal02.dds,KEEP,ship-asset,data_sku1_04.tre
texture/vt49_intmetalceil.dds,KEEP,ship-asset,data_sku1_04.tre
texture/vt49_intmetaltrim.dds,KEEP,ship-asset,data_sku1_04.tre
texture/vt49_intmetaltrim2.dds,KEEP,ship-asset,data_sku1_04.tre
texture/vt49_intmetaltrim3.dds,KEEP,ship-asset,data_sku1_04.tre
texture/vt49_intmetaltrim4.dds,KEEP,ship-asset,data_sku1_04.tre
texture/vt49_pipes.dds,KEEP,ship-asset,data_sku1_04.tre
texture/vt49_sm.dds,KEEP,ship-asset,data_sku1_04.tre
texture/wke_eye.dds,PARK,character-texture,data_texture_07.tre
texture/wke_m_eye.dds,PARK,character-texture,data_texture_07.tre
texture/wke_mouth.dds,PARK,character-texture,data_texture_07.tre
texture/xwing_booster_s02.dds,KEEP,ship-asset,data_sku1_04.tre
texture/xwing_booster_s03.dds,KEEP,ship-asset,data_sku1_04.tre
texture/xwing_cockpit_main.dds,KEEP,ship-asset,data_sku1_04.tre
texture/xwing_cockpit_main_cn.dds,KEEP,ship-asset,data_sku1_04.tre
texture/xwing_cockpit_seat.dds,KEEP,ship-asset,data_sku1_04.tre
texture/xwing_cockpit_seat_cn.dds,KEEP,ship-asset,data_sku1_04.tre
texture/xwing_cockpit_seat_emis.dds,KEEP,ship-asset,data_sku1_04.tre
texture/xwing_main.dds,KEEP,ship-asset,patch_sku1_12_00.tre
texture/xwing_main_cn.dds,KEEP,ship-asset,data_sku1_04.tre
texture/xwing_main_med.dds,KEEP,ship-asset,data_sku1_04.tre
texture/xwing_main_s01.dds,KEEP,ship-asset,data_sku1_04.tre
texture/xwing_main_s01_sm.dds,KEEP,ship-asset,data_sku1_04.tre
texture/xwing_main_s01a.dds,KEEP,ship-asset,data_sku1_04.tre
texture/xwing_main_s01b.dds,KEEP,ship-asset,data_sku1_04.tre
texture/xwing_main_s02.dds,KEEP,ship-asset,data_sku1_04.tre
texture/xwing_main_s02a.dds,KEEP,ship-asset,data_sku1_04.tre
texture/xwing_main_s02b.dds,KEEP,ship-asset,data_sku1_04.tre
texture/xwing_main_s03a.dds,KEEP,ship-asset,data_sku1_04.tre
texture/xwing_main_s03b.dds,KEEP,ship-asset,data_sku1_04.tre
texture/xwing_main_s04a.dds,KEEP,ship-asset,data_sku1_04.tre
texture/xwing_main_s04b.dds,KEEP,ship-asset,data_sku1_04.tre
texture/xwing_main_s05a.dds,KEEP,ship-asset,data_sku1_04.tre
texture/xwing_main_s05b.dds,KEEP,ship-asset,data_sku1_04.tre
texture/xwing_main_s06a.dds,KEEP,ship-asset,data_sku1_04.tre
texture/xwing_main_s06b.dds,KEEP,ship-asset,data_sku1_04.tre
texture/xwing_main_s07a.dds,KEEP,ship-asset,patch_sku1_15_00.tre
texture/xwing_main_s08a.dds,KEEP,ship-asset,patch_sku1_15_00.tre
texture/xwing_main_sm.dds,KEEP,ship-asset,data_sku1_04.tre
texture/xwing_main_spec.dds,KEEP,ship-asset,data_sku1_04.tre
texture/xwing_main_spec_128.dds,KEEP,ship-asset,data_sku1_04.tre
texture/xwing_main_spec_256.dds,KEEP,ship-asset,data_sku1_04.tre
texture/xwing_main_spec_64.dds,KEEP,ship-asset,data_sku1_04.tre
texture/y8_int_door_a.dds,KEEP,ship-asset,patch_sku1_15_00.tre
texture/y8_int_greeble_a.dds,KEEP,ship-asset,patch_sku1_15_00.tre
texture/y8_int_greeble_b.dds,KEEP,ship-asset,patch_sku1_15_00.tre
texture/y8_int_paneling_a.dds,KEEP,ship-asset,patch_sku1_15_00.tre
texture/ykl_int_ceiling_a.dds,KEEP,ship-asset,data_sku1_04.tre
texture/ykl_int_door_a.dds,KEEP,ship-asset,data_sku1_04.tre
texture/ykl_int_engine_a.dds,KEEP,ship-asset,data_sku1_04.tre
texture/ykl_int_floor_a.dds,KEEP,ship-asset,data_sku1_04.tre
texture/ykl_int_floor_b.dds,KEEP,ship-asset,data_sku1_04.tre
texture/ykl_int_greeble_a.dds,KEEP,ship-asset,data_sku1_04.tre
texture/ykl_int_greeble_b.dds,KEEP,ship-asset,data_sku1_04.tre
texture/ykl_int_paneling_a.dds,KEEP,ship-asset,data_sku1_04.tre
texture/yt1300_a_spec.dds,KEEP,ship-asset,data_sku1_04.tre
texture/yt1300_b_spec.dds,KEEP,ship-asset,data_sku1_04.tre
texture/yt1300_dish_s01_cn.dds,KEEP,ship-asset,data_sku1_04.tre
texture/ywing_body_cn.dds,KEEP,ship-asset,patch_sku1_15_00.tre
texture/ywing_body_spec.dds,KEEP,ship-asset,data_sku1_04.tre
texture/ywing_cockpit_dash.dds,KEEP,ship-asset,data_sku1_04.tre
texture/ywing_cockpit_main_emis.dds,KEEP,ship-asset,data_sku1_04.tre
texture/ywing_engine_s02_med_spec.dds,KEEP,ship-asset,data_sku1_04.tre
texture/ywing_engine_s02_spec.dds,KEEP,ship-asset,data_sku1_04.tre
texture/ywing_main_spec.dds,KEEP,ship-asset,data_sku1_04.tre
texture/ywing_med_cn.dds,KEEP,ship-asset,data_sku1_04.tre
texture/ywing_med_spec.dds,KEEP,ship-asset,data_sku1_04.tre
texture/ywing_turret_s01.dds,KEEP,ship-asset,data_sku1_04.tre
texture/z95_engine_sm_spec.dds,KEEP,ship-asset,data_sku1_05.tre
texture/z95_missilepod_s01_spec_sm.dds,KEEP,ship-asset,data_sku1_05.tre
texture/z95_strake1_spec_sm.dds,KEEP,ship-asset,patch_sku1_15_00.tre
